Workbook

Sheet README
A1: Tiered Cake Company — Marketing (Phase 3)
A3: Owner: Shreya (Sh) — weekly planning cadence
A4: Tabs: Content Calendar · Asset Library · Performance · Hashtag Library · Reviews Tracker
A5: Generated: 2026-05-24
A8: 1. IMPORT INTO GOOGLE SHEETS
A9: - sheets.google.com → File → Import → Upload → select this .xlsx → 'Replace spreadsheet'
A10: - Rename the spreadsheet to '04_Marketing' (or similar)
A12: 2. DELETE THE EXAMPLE ROWS (highlighted yellow) once you've eyeballed them
A13: - Content Calendar: replace with your live post schedule
A14: - Asset Library: seed with your actual Drive folder URLs
A15: - Hashtag Library: review and tune sets before first live use
A17: 3. META BUSINESS SUITE (MBS) INTEGRATION
... A47: Header rows are dark; freeze panes set on row 1 of every tab.

Sheet Content Calendar
A1: Post ID | B1: Planned date | C1: Channel | D1: Status | E1: Caption | F1: Asset link | G1: MBS scheduled URL | H1: Theme / Tag | I1: Hashtag set ID | J1: Posted on (actual) | K1: Notes
A2: =IF(B2="","","POST-"&TEXT(ROW()-1,"0000")) | B2: 46160 | C2: Instagram Feed | D2: Posted | E2: Sneha's birthday eggless butterscotch — minimalist gold & white. Made with love in Eterna. 🤍 #aMomentWithACake | F2: https://drive.google.com/drive/folders/xxx/sneha-bday.jpg | H2: Customer Story | I2: SET-002 | J2: 46164 | K2: Reach 1.2K, 84 likes, 12 saves; 3 DM inquiries
A3: =IF(B3="","","POST-"&TEXT(ROW()-1,"0000")) | B3: 46164 | C3: Instagram Reel | D3: Posted | E3: Behind the scenes — making Vikram & Ria's 10th anniversary cake. Hazelnut crunch, gold drip, edible photo. 🎂 | F3: https://drive.google.com/drive/folders/xxx/vikram-anniversary-reel.mp4 | H3: Behind the Scenes | I3: SET-001 | J3: 46169
A4: =IF(B4="","","POST-"&TEXT(ROW()-1,"0000")) | B4: 46170 | C4: Instagram Feed | D4: Scheduled | E4: Aarav turns 7! Spider-Man cake for our Provincia regular 🕷️🎂 | F4: https://drive.google.com/drive/folders/xxx/aarav-spiderman.jpg | G4: https://business.facebook.com/business_suite/yyy | H4: Customer Story | I4: SET-001 | K4: Reveal post day-of delivery (30 May AM)
A5: =IF(B5="","","POST-"&TEXT(ROW()-1,"0000")) | B5: 46178 | C5: Instagram Story | D5: Draft | E5: Custom bomboloni boxes for dinner parties — pistachio, Nutella, custard, dulce de leche | F5: https://drive.google.com/drive/folders/xxx/bomboloni-flat-lay.jpg | H5: Product Showcase | I5: SET-003
A6: =IF(B6="","","POST-"&TEXT(ROW()-1,"0000")) | B6: 46185 | C6: Instagram Reel | D6: Idea | E6: 1-min reel: how we keep cake structure intact in Hyderabad's 40°C summer | H6: Educational | I6: SET-004 | K6: Tie to monsoon arrival; shoot in next 2 weeks
A7: =IF(B7="","","POST-"&TEXT(ROW()-1,"0000")) | B7: 46218 | C7: Instagram Feed | D7: Idea | E7: Eid al-Adha — eggless dates-and-walnut loaf | H7: Festival | I7: SET-005
A8: =IF(B8="","","POST-"&TEXT(ROW()-1,"0000")) | B8: 46241 | C8: Instagram Feed | D8: Idea | E8: Raksha Bandhan — pre-order custom mithai-style brownies (heart shape, gold leaf) | H8: Festival | I8: SET-005
A9: =IF(B9="","","POST-"&TEXT(ROW()-1,"0000")) | B9: 46172 | C9: WhatsApp Status | D9: Scheduled | E9: Open orders for June anniversary cakes — DM to book | H9: Promotion | I9: SET-006
A10: =IF(B10="","","POST-"&TEXT(ROW()-1,"0000")) | B10: 46152 | C10: Instagram Feed | D10: Posted | E10: Lakshmi & family loved their bomboloni box. Repeat customer alert 💛 | F10: https://drive.google.com/drive/folders/xxx/lakshmi-review-screenshot.jpg | H10: Customer Story | I10: SET-002 | J10: 46152 | K10: Permission obtained via WhatsApp
A11: =IF(B11="","","POST-"&TEXT(ROW()-1,"0000")) | B11: 46140 | C11: Instagram Reel | D11: Posted | E11: Anjali's Jain eggless red velvet for Myra's 6th — unicorn theme, pastel everything | F11: https://drive.google.com/drive/folders/xxx/myra-unicorn-reel.mp4 | H11: Customer Story | I11: SET-002 | J11: 46143 | K11: Reach 3.2K — viral-ish for our scale
A12: =IF(B12="","","POST-"&TEXT(ROW()-1,"0000"))
A13: =IF(B13="","","POST-"&TEXT(ROW()-1,"0000"))
A14: =IF(B14="","","POST-"&TEXT(ROW()-1,"0000"))
A15: =IF(B15="","","POST-"&TEXT(ROW()-1,"0000"))
A16: =IF(B16="","","POST-"&TEXT(ROW()-1,"0000"))
A17: =IF(B17="","","POST-"&TEXT(ROW()-1,"0000"))
A18: =IF(B18="","","POST-"&TEXT(ROW()-1,"0000"))
A19: =IF(B19="","","POST-"&TEXT(ROW()-1,"0000"))
A20: =IF(B20="","","POST-"&TEXT(ROW()-1,"0000"))
A21: =IF(B21="","","POST-"&TEXT(ROW()-1,"0000"))
A22: =IF(B22="","","POST-"&TEXT(ROW()-1,"0000"))
A23: =IF(B23="","","POST-"&TEXT(ROW()-1,"0000"))
... A501: =IF(B501="","","POST-"&TEXT(ROW()-1,"0000"))

Sheet Asset Library
A1: Asset ID | B1: Type | C1: Title | D1: Drive URL | E1: Tags (Product) | F1: Tags (Occasion/Theme) | G1: Date created | H1: Used in posts (count) | I1: Notes
A2: =IF(B2="","","AST-"&TEXT(ROW()-1,"0000")) | B2: Photo | C2: Sneha eggless butterscotch — minimalist | D2: https://drive.google.com/drive/folders/xxx/sneha-bday.jpg | E2: Cake | F2: Birthday (adult) | G2: 46164 | H2: =COUNTIF('Content Calendar'!F:F,D2)
A3: =IF(B3="","","AST-"&TEXT(ROW()-1,"0000")) | B3: Reel clip | C3: Vikram anniversary cake — making-of | D3: https://drive.google.com/drive/folders/xxx/vikram-anniversary-reel.mp4 | E3: Cake | F3: Anniversary | G3: 46168 | H3: =COUNTIF('Content Calendar'!F:F,D3) | I3: Permission obtained
A4: =IF(B4="","","AST-"&TEXT(ROW()-1,"0000")) | B4: Photo | C4: Spider-Man cake — Aarav prep | D4: https://drive.google.com/drive/folders/xxx/aarav-spiderman.jpg | E4: Cake | F4: Birthday (kid) | G4: 46170 | H4: =COUNTIF('Content Calendar'!F:F,D4)
A5: =IF(B5="","","AST-"&TEXT(ROW()-1,"0000")) | B5: Photo | C5: Bomboloni flat-lay — 4 flavours | D5: https://drive.google.com/drive/folders/xxx/bomboloni-flat-lay.jpg | E5: Bomboloni | F5: Dinner party | G5: 46162 | H5: =COUNTIF('Content Calendar'!F:F,D5) | I5: Hero shot for product showcase
A6: =IF(B6="","","AST-"&TEXT(ROW()-1,"0000")) | B6: Reel clip | C6: Myra unicorn cake — making-of | D6: https://drive.google.com/drive/folders/xxx/myra-unicorn-reel.mp4 | E6: Cake | F6: Birthday (kid) | G6: 46142 | H6: =COUNTIF('Content Calendar'!F:F,D6) | I6: 3.2K reach
A7: =IF(B7="","","AST-"&TEXT(ROW()-1,"0000")) | B7: Photo | C7: Lakshmi customer-review screenshot | D7: https://drive.google.com/drive/folders/xxx/lakshmi-review-screenshot.jpg | E7: Bomboloni | F7: Customer review | G7: 46152 | H7: =COUNTIF('Content Calendar'!F:F,D7) | I7: Used with permission
A8: =IF(B8="","","AST-"&TEXT(ROW()-1,"0000")) | B8: Logo | C8: Tiered Cake Company — primary logo (transparent) | D8: https://drive.google.com/drive/folders/xxx/logo-primary.png | E8: Brand | F8: Brand asset | G8: 46027 | H8: =COUNTIF('Content Calendar'!F:F,D8) | I8: Watermark on all posts
A9: =IF(B9="","","AST-"&TEXT(ROW()-1,"0000")) | B9: Graphic | C9: Festival lineup 2026 — calendar graphic | D9: https://drive.google.com/drive/folders/xxx/festival-calendar.png | E9: Brand | F9: Festival | G9: 46113 | H9: =COUNTIF('Content Calendar'!F:F,D9) | I9: Pinned to bio
A10: =IF(B10="","","AST-"&TEXT(ROW()-1,"0000")) | B10: Photo | C10: Studio shot — Bedroom 2 setup | D10: https://drive.google.com/drive/folders/xxx/studio.jpg | E10: Brand | F10: Behind the Scenes | G10: 46154 | H10: =COUNTIF('Content Calendar'!F:F,D10)
A11: =IF(B11="","","AST-"&TEXT(ROW()-1,"0000")) | B11: Photo | C11: Eggless red velvet (signature) | D11: https://drive.google.com/drive/folders/xxx/eggless-rv-hero.jpg | E11: Cake | F11: Hero / catalogue | G11: 46099 | H11: =COUNTIF('Content Calendar'!F:F,D11)
A12: =IF(B12="","","AST-"&TEXT(ROW()-1,"0000")) | B12: Photo | C12: Cupcake assortment — 12 in a clamshell | D12: https://drive.google.com/drive/folders/xxx/cupcakes-12-mixed.jpg | E12: Cupcakes | F12: Hero / catalogue | G12: 46069 | H12: =COUNTIF('Content Calendar'!F:F,D12)
A13: =IF(B13="","","AST-"&TEXT(ROW()-1,"0000")) | B13: Photo | C13: Cake tubs — tiramisu + Biscoff | D13: https://drive.google.com/drive/folders/xxx/cake-tubs-trio.jpg | E13: Cake Tub | F13: Product Showcase | G13: 46156 | H13: =COUNTIF('Content Calendar'!F:F,D13)
A14: =IF(B14="","","AST-"&TEXT(ROW()-1,"0000")) | H14: =COUNTIF('Content Calendar'!F:F,D14)
A15: =IF(B15="","","AST-"&TEXT(ROW()-1,"0000")) | H15: =COUNTIF('Content Calendar'!F:F,D15)
A16: =IF(B16="","","AST-"&TEXT(ROW()-1,"0000")) | H16: =COUNTIF('Content Calendar'!F:F,D16)
A17: =IF(B17="","","AST-"&TEXT(ROW()-1,"0000")) | H17: =COUNTIF('Content Calendar'!F:F,D17)
A18: =IF(B18="","","AST-"&TEXT(ROW()-1,"0000")) | H18: =COUNTIF('Content Calendar'!F:F,D18)
A19: =IF(B19="","","AST-"&TEXT(ROW()-1,"0000")) | H19: =COUNTIF('Content Calendar'!F:F,D19)
A20: =IF(B20="","","AST-"&TEXT(ROW()-1,"0000")) | H20: =COUNTIF('Content Calendar'!F:F,D20)
A21: =IF(B21="","","AST-"&TEXT(ROW()-1,"0000")) | H21: =COUNTIF('Content Calendar'!F:F,D21)
A22: =IF(B22="","","AST-"&TEXT(ROW()-1,"0000")) | H22: =COUNTIF('Content Calendar'!F:F,D22)
A23: =IF(B23="","","AST-"&TEXT(ROW()-1,"0000")) | H23: =COUNTIF('Content Calendar'!F:F,D23)
A24: =IF(B24="","","AST-"&TEXT(ROW()-1,"0000")) | H24: =COUNTIF('Content Calendar'!F:F,D24)
A25: =IF(B25="","","AST-"&TEXT(ROW()-1,"0000")) | H25: =COUNTIF('Content Calendar'!F:F,D25)
... A201: =IF(B201="","","AST-"&TEXT(ROW()-1,"0000")) | H201: =COUNTIF('Content Calendar'!F:F,D201)

Sheet Performance
A1: Post ID | B1: Posted on | C1: Channel | D1: Reach | E1: Likes | F1: Saves | G1: DMs received | H1: Inquiries triggered | I1: Notes
A2: POST-0001 | B2: =IFERROR(VLOOKUP(A2,'Content Calendar'!A:J,10,FALSE),"") | C2: =IFERROR(VLOOKUP(A2,'Content Calendar'!A:C,3,FALSE),"") | D2: 1200 | E2: 84 | F2: 12 | G2: 3 | H2: 1 | I2: Sneha bday post — 3 DMs, 1 converted to inquiry
A3: POST-0002 | B3: =IFERROR(VLOOKUP(A3,'Content Calendar'!A:J,10,FALSE),"") | C3: =IFERROR(VLOOKUP(A3,'Content Calendar'!A:C,3,FALSE),"") | D3: 850 | E3: 62 | F3: 7 | G3: 1 | H3: 0 | I3: Vikram anniversary reel — solid but no new inquiries
A4: POST-0008 | B4: =IFERROR(VLOOKUP(A4,'Content Calendar'!A:J,10,FALSE),"") | C4: =IFERROR(VLOOKUP(A4,'Content Calendar'!A:C,3,FALSE),"") | D4: 240 | E4: 18 | F4: 2 | G4: 0 | H4: 0 | I4: WhatsApp Status — open orders promo
A5: POST-0009 | B5: =IFERROR(VLOOKUP(A5,'Content Calendar'!A:J,10,FALSE),"") | C5: =IFERROR(VLOOKUP(A5,'Content Calendar'!A:C,3,FALSE),"") | D5: 720 | E5: 51 | F5: 6 | G5: 2 | H5: 1 | I5: Lakshmi repeat-customer post — 2 DMs, 1 converted
A6: POST-0010 | B6: =IFERROR(VLOOKUP(A6,'Content Calendar'!A:J,10,FALSE),"") | C6: =IFERROR(VLOOKUP(A6,'Content Calendar'!A:C,3,FALSE),"") | D6: 3200 | E6: 245 | F6: 38 | G6: 11 | H6: 4 | I6: Myra unicorn reel — viral-ish; 4 new inquiries
B7: =IFERROR(VLOOKUP(A7,'Content Calendar'!A:J,10,FALSE),"") | C7: =IFERROR(VLOOKUP(A7,'Content Calendar'!A:C,3,FALSE),"")
B8: =IFERROR(VLOOKUP(A8,'Content Calendar'!A:J,10,FALSE),"") | C8: =IFERROR(VLOOKUP(A8,'Content Calendar'!A:C,3,FALSE),"")
B9: =IFERROR(VLOOKUP(A9,'Content Calendar'!A:J,10,FALSE),"") | C9: =IFERROR(VLOOKUP(A9,'Content Calendar'!A:C,3,FALSE),"")
B10: =IFERROR(VLOOKUP(A10,'Content Calendar'!A:J,10,FALSE),"") | C10: =IFERROR(VLOOKUP(A10,'Content Calendar'!A:C,3,FALSE),"")
B11: =IFERROR(VLOOKUP(A11,'Content Calendar'!A:J,10,FALSE),"") | C11: =IFERROR(VLOOKUP(A11,'Content Calendar'!A:C,3,FALSE),"")
B12: =IFERROR(VLOOKUP(A12,'Content Calendar'!A:J,10,FALSE),"") | C12: =IFERROR(VLOOKUP(A12,'Content Calendar'!A:C,3,FALSE),"")
B13: =IFERROR(VLOOKUP(A13,'Content Calendar'!A:J,10,FALSE),"") | C13: =IFERROR(VLOOKUP(A13,'Content Calendar'!A:C,3,FALSE),"")
B14: =IFERROR(VLOOKUP(A14,'Content Calendar'!A:J,10,FALSE),"") | C14: =IFERROR(VLOOKUP(A14,'Content Calendar'!A:C,3,FALSE),"")
B15: =IFERROR(VLOOKUP(A15,'Content Calendar'!A:J,10,FALSE),"") | C15: =IFERROR(VLOOKUP(A15,'Content Calendar'!A:C,3,FALSE),"")
B16: =IFERROR(VLOOKUP(A16,'Content Calendar'!A:J,10,FALSE),"") | C16: =IFERROR(VLOOKUP(A16,'Content Calendar'!A:C,3,FALSE),"")
B17: =IFERROR(VLOOKUP(A17,'Content Calendar'!A:J,10,FALSE),"") | C17: =IFERROR(VLOOKUP(A17,'Content Calendar'!A:C,3,FALSE),"")
B18: =IFERROR(VLOOKUP(A18,'Content Calendar'!A:J,10,FALSE),"") | C18: =IFERROR(VLOOKUP(A18,'Content Calendar'!A:C,3,FALSE),"")
... B201: =IFERROR(VLOOKUP(A201,'Content Calendar'!A:J,10,FALSE),"") | C201: =IFERROR(VLOOKUP(A201,'Content Calendar'!A:C,3,FALSE),"")

Sheet Hashtag Library
A1: Set ID | B1: Theme | C1: Tag list (semicolon-separated) | D1: Last used | E1: Performance note
A2: SET-001 | B2: Kid birthday cakes | C2: #hyderabadbakery; #kidsbirthdaycake; #customcakehyderabad; #financialdistrictcakes; #provinciakidsparty; #eternahyderabad; #cakesforkids; #birthdaycakehyderabad; #premiumbakery | D2: 46164 | E2: Strong reach for kid bday content
A3: SET-002 | B3: Customer stories | C3: #hyderabadbakery; #customerlove; #handmadewithlove; #financialdistrict; #aMomentWithACake; #cakesofhyderabad; #premiumcakes | D3: 46164 | E3: Use sparingly to avoid spammy feel
A4: SET-003 | B4: Bomboloni / dinner party | C4: #bomboloni; #hyderabaddessert; #dinnerparty; #italiandessert; #premiumdessert; #hyderabadbakery; #customdesserts | E4: New set — pilot July
A5: SET-004 | B5: Educational / behind-the-scenes | C5: #bakery; #handmade; #hyderabadbakery; #behindthescenes; #cakemaking; #cottagebakery; #foodlove | E5: Educational reels — reach is weaker but engagement is higher
A6: SET-005 | B6: Festivals — generic | C6: #festivalcake; #hyderabadbakery; #celebrate; #aMomentWithACake; #festivalmood; #premiumbakery; #handmade | E6: Adapt per festival — swap last 2 tags
A7: SET-006 | B7: Promotions / open for orders | C7: #openfororders; #hyderabadbakery; #premiumbakery; #cakesofhyderabad; #orderyourcake; #financialdistrict; #aMomentWithACake | D7: 46172 | E7: Light use — over-promotional posts hurt algorithm

Sheet Reviews Tracker
A1: Review ID | B1: Date received | C1: Platform | D1: Reviewer | E1: Star rating | F1: Excerpt | G1: Replied? | H1: Linked Order ID | I1: Notes
A2: =IF(B2="","","REV-"&TEXT(ROW()-1,"0000")) | B2: 46045 | C2: WhatsApp | D2: Arjun Mehta | E2: 5 | F2: Veer wouldn't stop talking about it. Will reorder. | G2: Y | H2: ORD-0001 | I2: First customer review — captured via feedback_request.gs
A3: =IF(B3="","","REV-"&TEXT(ROW()-1,"0000")) | B3: 46069 | C3: WhatsApp | D3: Priya Reddy | E3: 5 | F3: Beautifully done! | G3: Y | H3: ORD-0002
A4: =IF(B4="","","REV-"&TEXT(ROW()-1,"0000")) | B4: 46090 | C4: Google Business | D4: Anjali Agarwal | E4: 5 | F4: Worth every rupee. Eggless and still rich. Will reorder for Krish's bday in Sept. | G4: Y | H4: ORD-0004 | I4: First 5★ Google review — pin to bio
A5: =IF(B5="","","REV-"&TEXT(ROW()-1,"0000")) | B5: 46160 | C5: WhatsApp | D5: Sandeep Goyal | E5: 5 | F5: Tiramisu nailed it. Let's plan Diwali boxes. | G5: Y | H5: ORD-0006 | I5: Diwali pipeline trigger
A6: =IF(B6="","","REV-"&TEXT(ROW()-1,"0000")) | B6: 46154 | C6: Instagram comment | D6: @meera.joshi_hyd | E6: 5 | F6: Frozen theme cake for daughter — can you do June 8? | G6: Y | H6: (no order yet) | I6: Converted into INQ-0001 (Meera Joshi); now in pipeline
A7: =IF(B7="","","REV-"&TEXT(ROW()-1,"0000"))
A8: =IF(B8="","","REV-"&TEXT(ROW()-1,"0000"))
A9: =IF(B9="","","REV-"&TEXT(ROW()-1,"0000"))
A10: =IF(B10="","","REV-"&TEXT(ROW()-1,"0000"))
A11: =IF(B11="","","REV-"&TEXT(ROW()-1,"0000"))
A12: =IF(B12="","","REV-"&TEXT(ROW()-1,"0000"))
A13: =IF(B13="","","REV-"&TEXT(ROW()-1,"0000"))
A14: =IF(B14="","","REV-"&TEXT(ROW()-1,"0000"))
A15: =IF(B15="","","REV-"&TEXT(ROW()-1,"0000"))
A16: =IF(B16="","","REV-"&TEXT(ROW()-1,"0000"))
A17: =IF(B17="","","REV-"&TEXT(ROW()-1,"0000"))
A18: =IF(B18="","","REV-"&TEXT(ROW()-1,"0000"))
... A201: =IF(B201="","","REV-"&TEXT(ROW()-1,"0000"))
